Country Name,Series Name,2000 [YR2000],2001 [YR2001],2002 [YR2002],2003 [YR2003],2004 [YR2004],2005 [YR2005],2006 [YR2006],2007 [YR2007],2008 [YR2008],2009 [YR2009],2010 [YR2010],2011 [YR2011],2012 [YR2012],2013 [YR2013],2014 [YR2014],2015 [YR2015],2016 [YR2016],2017 [YR2017],2018 [YR2018],2019 [YR2019],2020 [YR2020],2021 [YR2021],2022 [YR2022],2023 [YR2023]
United States,GDP per capita (current US$),36329.97026,37133.6204,37997.74243,39490.30239,41724.6412,44123.39965,46301.98765,48050.22741,48570.05943,47194.95009,48642.63121,50024.88123,51708.39406,53297.38629,55153.39402,56849.46979,57976.6282,60047.71907,62875.66614,65227.95659,64401.50744,71307.40173,77860.91129,82304.62043
United States,GDP growth (annual %),4.07758576,0.9555383419,1.700447328,2.795605965,3.847771694,3.483549935,2.784539638,2.003858299,0.1135872482,-2.576500232,2.695192582,1.564406855,2.289113386,2.117830098,2.523819814,2.945550456,1.819451476,2.457622302,2.966505069,2.58382533,-2.163029139,6.055052933,2.51237532,2.887556009
United States,"School enrollment, secondary (% gross)",..,..,..,..,..,95.0524826,..,..,..,..,..,..,..,96.18649292,96.92453766,97.65254974,98.76992798,98.95233917,99.27558136,100.0634308,100.509819,101.1924896,97.47348785,..
United States,"Life expectancy at birth, total (years)",76.63658537,76.83658537,76.93658537,77.03658537,77.48780488,77.48780488,77.68780488,77.98780488,78.03902439,78.3902439,78.54146341,78.64146341,78.74146341,78.74146341,78.84146341,78.6902439,78.53902439,78.53902439,78.63902439,78.78780488,76.9804878,76.32926829,77.43414634,78.38536585
United States,Poverty headcount ratio at $3.00 a day (2021 PPP) (% of population),0.7,1,1,1,1,1,1,1,1,1,1.2,1,1,1,1.2,1.2,1.2,1.2,1,1,0.5,0.5,1.2,1.2
United States,Gini index,40.1,40.6,40.4,40.8,40.5,41.3,41.7,41.1,41.1,40.8,40.2,41.2,41.2,40.9,41.7,41.5,41.3,41.4,41.8,41.9,40,39.7,41.7,41.8
United States,"Unemployment, total (% of total labor force) (modeled ILO estimate)",3.992,4.731,5.783,5.989,5.529,5.084,4.623,4.622,5.784,9.254,9.633,8.949,8.069,7.375,6.168,5.28,4.869,4.355,3.896,3.669,8.055,5.349,3.65,3.638
United States,"Inflation, consumer prices (annual %)",3.376857271,2.826171119,1.586031627,2.270094973,2.677236693,3.392746845,3.225944101,2.852672482,3.839100297,-0.3555462663,1.640043442,3.156841569,2.069337265,1.464832656,1.622222977,0.1186271356,1.261583206,2.130110004,2.442583297,1.812210075,1.233584396,4.697858864,8.002799821,4.116338384
Germany,GDP per capita (current US$),23925.85599,23878.36415,25486.5942,30711.10225,34566.73591,35084.43635,36980.33499,42350.92172,46386.32959,42487.21371,42409.9357,47646.58204,44735.58823,47220.01021,48971.08247,41911.01099,42961.03569,45526.59996,48874.8595,47623.86561,47379.76519,52265.65416,49686.11546,53940.40734
Germany,GDP growth (annual %),2.877245956,1.636540994,-0.2283102239,-0.5299290104,1.162368254,0.8856972567,3.855736146,2.890107179,0.9104032142,-5.545164545,4.14676755,3.757968845,0.474291321,0.386224592,2.169498898,1.652719787,2.294710664,2.716024546,1.116443109,0.9878933502,-4.095137517,3.669999884,1.369731046,-0.2664384012
Germany,"School enrollment, secondary (% gross)",99.12943268,99.55480194,100.8536072,101.2267838,101.3777771,101.4364929,102.4863968,102.0097733,103.2407303,103.3142929,104.8913574,105.3465118,104.4422379,103.9353333,103.3038712,102.1924133,100.8523102,101.0956421,100.8373032,101.1525574,101.3078003,101.203537,100.8172989,100.6030579
Germany,"Life expectancy at birth, total (years)",77.92682927,78.32926829,78.22926829,78.3804878,78.6804878,78.93170732,79.13170732,79.53414634,79.73658537,79.83658537,79.98780488,80.43658537,80.53902439,80.4902439,81.0902439,80.64146341,80.9902439,80.99268293,80.89268293,81.29268293,81.04146341,80.7902439,80.60804878,80.54146341
Germany,Poverty headcount ratio at $3.00 a day (2021 PPP) (% of population),0,0,0,0.2,0,0,0,0,0,0,0,0,0,0,0,0,0,0.2,0,0.2,0.2,..,..,..
Germany,Gini index,28.9,29.9,29.8,29.8,30.2,31.7,31,31.2,30.8,30.5,30.2,30.6,31.1,31.5,30.8,31.7,31.4,31.3,31.9,31.8,32.4,..,..,..
Germany,"Unemployment, total (% of total labor force) (modeled ILO estimate)",7.917,7.773,8.482,9.779,10.727,11.193,10.277,8.732,7.508,7.88,7.043,5.967,5.372,5.316,4.979,4.612,4.104,3.781,3.384,3.163,3.881,3.594,3.12,3.068
Germany,"Inflation, consumer prices (annual %)",1.440268387,1.983857313,1.420806156,1.034222186,1.665736967,1.546911148,1.577426428,2.298344007,2.628379816,0.3127390074,1.103810378,2.075172837,2.008488848,1.504723303,0.9067940004,0.5144261371,0.4917470084,1.509494851,1.732168798,1.445659769,0.1448779258,3.066666667,6.872574386,5.946436677
Japan,GDP per capita (current US$),39169.35957,34406.18246,32820.79364,35387.03742,38298.98017,37812.89502,35991.546,35779.02454,39876.30397,41308.99684,44968.15623,48760.07895,49145.28043,40898.6479,38475.39525,34960.63938,39375.47316,38834.05293,39751.1331,40415.95676,40028.73417,40094.55998,34065.6439,33836.17563
Japan,GDP growth (annual %),2.764647551,0.3861034261,0.04196249929,1.535125499,2.186115694,1.803900872,1.372350128,1.483969412,-1.224289001,-5.693236359,4.097917919,0.0238095238,1.374750999,2.005100177,0.2962055141,1.560626697,0.7538267458,1.675331752,0.6433910235,-0.4021692009,-4.168764571,2.696574042,0.9419987755,1.475034811
Japan,"School enrollment, secondary (% gross)",..,..,..,..,..,..,..,..,..,..,..,..,..,101.7811737,101.8139801,102.2004166,101.1679993,101.8828888,102.425148,102.6700668,102.8448029,102.1553802,102.3379669,102.3444366
Japan,"Life expectancy at birth, total (years)",81.07609756,81.41634146,81.69073171,81.76,82.0302439,81.95512195,82.32195122,82.50707317,82.58756098,82.93146341,82.84268293,82.59121951,83.09609756,83.33195122,83.58780488,83.79390244,83.98487805,84.0997561,84.21097561,84.35634146,84.56,84.44560976,83.99634146,84.04121951
Japan,Poverty headcount ratio at $3.00 a day (2021 PPP) (% of population),..,..,..,..,..,..,..,..,1,0.9,0.7,0.5,1.5,1,0.7,0.4,0.7,0.6,1,1.2,1.2,..,..,..
Japan,Gini index,..,..,..,..,..,..,..,..,34.6,33,31.5,33,32.5,31.5,31.3,30.7,31.8,31.8,32.9,33,32.3,..,..,..
Japan,"Unemployment, total (% of total labor force) (modeled ILO estimate)",4.748,5.02,5.386,5.251,4.734,4.446,4.192,3.888,4.002,5.068,5.102,4.55,4.358,4.038,3.589,3.385,3.132,2.822,2.467,2.351,2.809,2.828,2.6,2.6
Japan,"Inflation, consumer prices (annual %)",-0.6765786836,-0.7400555042,-0.9234940269,-0.2565418163,-0.008573388203,-0.2829460688,0.2493551161,0.0600394545,1.380078862,-1.35283673,-0.7282432075,-0.2724556161,-0.04406451044,0.3350379122,2.759226714,0.7952796306,-0.1272588445,0.4841997961,0.989094598,0.4687761594,-0.02499583403,-0.2333527794,2.497702782,3.268133659
India,GDP per capita (current US$),442.7502189,450.3579005,469.149929,544.1431335,624.2588265,710.4880804,801.6683537,1021.887077,992.5195849,1094.949746,1347.519391,1445.461275,1429.321995,1432.843975,1553.883961,1583.998159,1707.508929,1950.104683,1966.254552,2041.428637,1907.042516,2239.613844,2347.448294,2530.120313
India,GDP growth (annual %),3.840991157,4.823966266,3.803975321,7.860381476,7.922936612,7.923430621,8.060732572,7.660815067,3.086698059,7.861888833,8.497584702,5.241316199,5.456387552,6.386106401,7.410227605,7.996253786,8.256305502,6.795383419,6.453851345,3.871436941,-5.777724707,9.689592492,7.609364978,9.19075493
India,"School enrollment, secondary (% gross)",47.17343903,46.82458115,48.80693817,51.42557144,53.24737167,55.9314003,56.78594971,59.14783859,62.21192169,61.36032104,64.94759369,67.12516785,69.80895996,69.47712708,74.88870239,74.61136627,75.93728638,74.67437744,76.00257874,75.8716507,77.97664333,80.83557155,81.65584643,79.32503975
India,"Life expectancy at birth, total (years)",62.749,63.158,63.649,64.086,64.484,64.939,65.373,65.803,66.247,66.7,67.162,67.623,68.076,68.499,68.932,69.326,69.709,70.068,70.415,70.746,70.156,67.282,71.698,72.003
India,Poverty headcount ratio at $3.00 a day (2021 PPP) (% of population),..,..,..,..,46.4,..,..,..,..,34.6,..,27.1,..,..,..,..,..,..,..,..,..,..,5.3,..
India,Gini index,..,..,..,..,27.7,..,..,..,..,27.8,..,28.8,..,..,..,..,..,..,..,..,..,..,25.5,..
India,"Unemployment, total (% of total labor force) (modeled ILO estimate)",7.624,7.653,7.753,7.68,7.625,7.552,7.552,7.561,7.656,7.664,7.652,7.616,7.666,7.711,7.674,7.631,7.601,7.618,7.652,6.51,7.859,6.38,4.822,4.172
India,"Inflation, consumer prices (annual %)",4.00943591,3.779293122,4.297152039,3.805858995,3.767251735,4.24634362,5.796523376,6.372881356,8.349267049,10.88235294,11.98938992,8.911793365,9.478996914,10.01787847,6.665656719,4.906973441,4.948216341,3.328173375,3.938826467,3.729505735,6.623436776,5.131407472,6.699034141,5.649143189
China,GDP per capita (current US$),969.1995137,1065.405976,1163.559577,1306.972454,1530.927262,1777.644968,2129.25697,2734.727099,3523.443021,3898.244592,4629.245517,5703.76028,6405.057424,7147.035186,7781.065975,8175.332851,8254.868593,8979.676527,10085.66381,10342.90095,10627.4638,12887.43572,12970.60564,12951.17824
China,GDP growth (annual %),8.586432018,8.312638871,9.243393266,10.11819286,10.13140736,11.45823846,12.67467517,14.14998549,9.670245886,9.402699728,10.59627198,9.461335887,7.856174271,7.778724094,7.461900282,6.978780027,6.775555628,6.891266362,6.756718002,6.068502351,2.340188431,8.570085132,3.134188872,5.414843301
China,"School enrollment, secondary (% gross)",59.49248123,62.20983887,62.83789825,64.05413055,..,..,74.05756378,78.1607132,82.67925262,88.28749847,90.78291733,92.03294252,92.2603063,..,..,..,..,..,..,..,..,..,..,..
China,"Life expectancy at birth, total (years)",72.288,72.675,73.034,73.385,73.727,74.085,74.404,74.789,74.833,75.317,75.668,75.889,76.2,76.452,76.714,76.975,77.214,77.235,77.709,77.94,78.019,78.117,78.202,77.953
China,Poverty headcount ratio at $3.00 a day (2021 PPP) (% of population),..,..,48.1,..,..,33.1,..,..,26.2,..,20.6,15.7,13.2,6.2,4.7,3,2.2,1.7,0.8,0,0,0,0,..
China,Gini index,..,..,42,..,..,40.9,..,..,43,..,43.7,42.4,42.2,39.7,39.2,38.6,38.5,39.1,38.5,38.2,37.1,35.7,36,..
China,"Unemployment, total (% of total labor force) (modeled ILO estimate)",3.26,3.8,4.24,4.58,4.49,4.52,4.43,4.35,4.59,4.72,4.53,4.55,4.58,4.6,4.63,4.65,4.56,4.47,4.31,4.56,5,4.55,4.98,4.67
China,"Inflation, consumer prices (annual %)",0.3478112269,0.7191256091,-0.7319709024,1.127603487,3.824637431,1.776414077,1.649430995,4.816767674,5.92525137,-0.7281652509,3.175324753,5.553898923,2.619524326,2.621050017,1.921641628,1.437023809,2.000001822,1.593136001,2.0747904,2.899234164,2.419421895,0.9810151355,1.973575557,0.2348368289
Brazil,GDP per capita (current US$),3766.548115,3176.289357,2855.940189,3090.60701,3663.823188,4827.781731,5934.144709,7409.691307,8908.331765,8678.659224,11403.28213,13396.62436,12521.72135,12458.89121,12274.99397,8936.196617,8836.286527,10080.50928,9300.661649,9029.833267,7074.193783,7972.53665,9281.333344,10377.58928
Brazil,GDP growth (annual %),4.387949447,1.389896401,3.053461859,1.140828998,5.759964637,3.202132061,3.961988711,6.069870607,5.094195447,-0.1258120022,7.528225818,3.974423079,1.921175986,3.004822669,0.5039557402,-3.545763393,-3.275916908,1.322869054,1.783666762,1.220777824,-3.276758796,4.762604379,3.016694354,3.241655329
Brazil,"School enrollment, secondary (% gross)",..,..,..,..,..,..,..,..,..,..,..,..,94.32097626,103.9176865,102.6355286,100.920517,102.5695038,103.0159607,105.0070724,103.9532776,104.1259995,106.6518936,106.031189,..
Brazil,"Life expectancy at birth, total (years)",69.584,69.98,70.396,70.884,71.361,71.832,72.296,72.73,73.111,73.457,73.779,74.047,74.335,74.609,74.823,75.106,75.081,75.383,75.633,75.809,74.506,73.038,74.872,75.848
Brazil,Poverty headcount ratio at $3.00 a day (2021 PPP) (% of population),..,17.5,16.2,17.1,15.3,13.7,11.4,10.8,9.1,8.4,..,7.1,6.4,5.4,4.7,5.4,6.5,6.9,6.9,7,2.8,7.5,4.9,3.8
Brazil,Gini index,..,58.4,58.1,57.6,56.5,56.3,55.6,54.9,54,53.7,..,52.9,53.4,52.7,52,51.9,53.4,53.3,53.9,53.5,48.9,52.9,52,51.6
Brazil,"Unemployment, total (% of total labor force) (modeled ILO estimate)",10.889,10.649,10.641,11.168,10.072,10.551,9.692,9.28,8.268,9.419,8.422,7.578,7.251,7.071,6.755,8.538,11.58,12.792,12.329,11.936,13.697,13.158,9.231,7.947
Brazil,"Inflation, consumer prices (annual %)",7.044141059,6.840359025,8.450164377,14.71491972,6.5971851,6.869537209,4.183568129,3.641272991,5.678593903,4.888034799,5.038726901,6.636449622,5.40349914,6.204310666,6.329040155,9.029901024,8.739143523,3.44637335,3.664850284,3.732976212,3.211768038,8.301659756,9.28010609,4.593562823
South Africa,GDP per capita (current US$),3217.846934,2847.151919,2688.23676,4062.21756,5221.463337,5836.876633,6077.382934,6591.85536,6184.754743,6374.7056,7973.471958,8646.055711,8076.976785,7331.654674,6856.731371,6112.273825,5651.205852,6618.335083,6914.178032,6533.71121,5580.603831,6843.399419,6523.410978,6022.542542
South Africa,GDP growth (annual %),4.200000001,2.7,3.700374404,2.949075468,4.554559907,5.277051973,5.603806459,5.360474054,3.191043886,-1.538089135,3.039732881,3.168556279,2.396232385,2.485468008,1.413826452,1.321862237,0.6645523079,1.157946952,1.556783847,0.2599355769,-6.168917715,4.955032594,1.91147996,0.6984851937
South Africa,"School enrollment, secondary (% gross)",74.31938171,73.9493103,74.44502258,75.53578186,78.29666138,80.42034149,83.78334808,85.53662872,84.04734802,85.96054077,86.59220456,88.94422913,92.16251373,..,101.1632004,104.622813,103.8559875,105.6231689,101.3996129,103.7891203,103.5011781,106.443304,104.5350665,104.1334807
South Africa,"Life expectancy at birth, total (years)",58.368,57.161,55.58,54.245,53.963,53.914,54.22,54.948,55.982,57.413,58.886,60.602,61.737,62.388,63.184,64.053,64.749,65.422,65.726,66.071,65.15,62.01,65.454,66.139
South Africa,Poverty headcount ratio at $3.00 a day (2021 PPP) (% of population),47.9,..,..,..,..,42.1,..,..,30.3,..,29.5,..,..,..,31.2,..,..,..,..,..,..,..,..,..
South Africa,Gini index,57.8,..,..,..,..,64.8,..,..,63,..,63.4,..,..,..,63,..,..,..,..,..,..,..,..,..
South Africa,"Unemployment, total (% of total labor force) (modeled ILO estimate)",22.714,22.605,22.547,22.629,22.538,22.461,22.324,22.287,22.407,23.523,24.683,24.639,24.727,24.561,24.89,25.149,26.536,27.035,26.906,28.468,29.217,34.007,33.268,32.098
South Africa,"Inflation, consumer prices (annual %)",5.338959136,5.70189483,9.494713781,5.679424141,-0.6920394379,2.062853082,3.243907654,6.177812148,9.90998456,7.238095238,4.06749556,5.000853388,5.737971391,5.780169101,6.132829531,4.518690949,6.602908424,5.186186555,4.509872649,4.102850755,3.232388316,4.618745449,7.039872725,6.075243846
Nigeria,GDP per capita (current US$),547.3182989,566.4282318,712.1648521,763.3887454,962.4810419,1211.377035,1599.538916,1815.526975,2154.105435,1820.486339,2202.25673,2418.41317,2633.197347,2872.790834,3088.721313,2585.733607,2070.412734,1876.340271,2057.879446,2265.155209,2019.657063,2017.274865,2139.374785,1596.636961
Nigeria,GDP growth (annual %),5.015934759,5.917684649,15.32915574,7.347194968,9.250558229,6.438516525,6.059428032,6.591130361,6.764472778,8.036925101,8.005655916,5.307924203,4.230061175,6.671335393,6.309718655,2.652693295,-1.616868949,0.8058866191,1.922757342,2.208429277,-1.794253083,3.647186541,3.251681408,2.860214991
Nigeria,"School enrollment, secondary (% gross)",23.96134949,26.39998055,28.87380981,..,33.94812012,33.7729187,33.12628174,30.42320061,33.61127853,37.13814163,41.78379822,43.02399063,44.45579147,52.79673004,42.78215027,43.82469177,39.30680847,..,40.48852921,..,44.12208939,45.44493866,..,46.89315033
Nigeria,"Life expectancy at birth, total (years)",47.143,47.549,48.02,48.618,49.148,49.538,49.876,50.381,50.748,51.08,51.315,51.49,51.688,51.827,51.94,51.939,52.189,52.397,52.669,53.009,53.072,53.455,54.079,54.462
Nigeria,Poverty headcount ratio at $3.00 a day (2021 PPP) (% of population),..,..,..,51.1,..,..,..,..,..,..,38.5,..,37.4,..,..,35.8,..,..,34.2,..,..,..,41.8,..
Nigeria,Gini index,..,..,..,40.1,..,..,..,..,..,..,35.7,..,35.5,..,..,35.9,..,..,35.1,..,..,..,33.9,..
Nigeria,"Unemployment, total (% of total labor force) (modeled ILO estimate)",3.963,3.91,3.681,3.648,3.601,3.734,3.756,3.799,3.795,3.766,3.746,3.77,3.76,3.711,3.902,4.135,4.499,4.828,5.067,5.206,5.742,5.45,3.821,3.074
Nigeria,"Inflation, consumer prices (annual %)",..,..,..,..,..,..,8.22522152,5.388007969,11.58107517,12.53782773,13.74005214,10.82613719,12.2242413,8.495518383,8.04741088,9.00943498,15.69681264,16.50226621,12.09510652,11.39642234,13.24602343,16.95284572,18.84718778,24.6595502
Viet Nam,GDP per capita (current US$),404.0297841,419.2056776,445.1328618,497.1170892,565.4522846,710.74676,807.7566451,925.6403383,1163.831958,1226.169761,1683.161824,1950.925042,2185.117677,2359.517365,2546.384645,2577.568853,2735.060438,2956.109921,3222.310031,3440.900254,3534.039535,3704.193559,4147.697772,4323.35032
Viet Nam,GDP growth (annual %),6.787316405,6.192893312,6.320820992,6.899063491,7.536410609,7.547247729,6.977954811,7.129504486,5.661771209,5.39789754,6.423244822,6.413168897,5.504544704,5.55351081,6.422243121,6.987154306,6.690008927,6.940190374,7.465006856,7.359262701,2.865413209,2.553728526,8.537500468,5.065023915
Viet Nam,"School enrollment, secondary (% gross)",..,..,..,..,..,..,..,..,..,..,..,..,..,..,..,89.45483413,90.15833471,91.07251981,92.83777108,94.65462168,93.19213895,92.76902092,93.41234341,..
Viet Nam,"Life expectancy at birth, total (years)",72.746,72.984,73.138,73.236,73.062,73.198,73.293,73.385,73.455,73.525,73.611,73.713,73.762,73.821,73.886,73.955,73.984,74.026,74.1,74.211,75.383,74.145,74.502,74.588
Viet Nam,Poverty headcount ratio at $3.00 a day (2021 PPP) (% of population),..,..,43.3,..,30.9,..,23.7,..,17.6,..,5.2,..,3.7,..,3.4,..,2.5,..,2.2,..,1.3,..,1.6,..
Viet Nam,Gini index,..,..,37,..,36.8,..,35.8,..,35.6,..,39.3,..,35.6,..,34.8,..,35.3,..,35.7,..,36.8,..,36.1,..
Viet Nam,"Unemployment, total (% of total labor force) (modeled ILO estimate)",2.26,2.76,2.12,2.25,2.14,2.078,2.046,2.026,1.889,1.737,1.114,0.999,1.027,1.316,1.256,1.848,1.848,1.874,1.161,1.681,2.103,2.385,1.523,1.645
Viet Nam,"Inflation, consumer prices (annual %)",..,..,..,3.234648173,7.754947487,8.284572431,7.418017151,8.344448898,23.11544835,6.7169827,9.207466488,18.67773228,9.094703396,6.592674759,4.084554466,0.6312009052,2.66824817,3.520256888,3.539628059,2.795823675,3.220934367,1.834715548,3.1565075,3.252892827
Uganda,GDP per capita (current US$),258.0503387,236.0211889,241.9846884,250.7154366,292.381858,330.4054027,346.5182553,401.3891309,472.8426815,798.9470899,823.4881443,835.6200606,795.2228676,818.2854274,896.0547955,862.9346104,752.6965717,765.2183323,792.1657002,822.1711501,845.7664639,882.7917174,963.0673142,1002.309139
Uganda,GDP growth (annual %),3.141907338,5.183661125,8.732685764,6.473258672,6.807233344,6.332565116,10.78474439,8.412425966,8.708751902,6.801517349,5.637611637,9.391655493,3.837455606,3.586905826,5.106307325,5.18785986,4.781000293,3.131405517,6.303923783,6.438745033,2.951306422,3.536580341,4.588021922,5.336972955
Uganda,"School enrollment, secondary (% gross)",..,..,..,..,19.12254906,..,..,24.09111023,..,..,..,..,..,..,..,..,..,..,..,..,..,..,..,..
Uganda,"Life expectancy at birth, total (years)",49.64,50.576,51.443,52.414,53.699,54.926,56.118,57.248,58.253,59.157,59.959,60.791,61.579,62.353,63.057,63.831,64.494,65.174,65.775,66.354,66.41,66.45,67.675,68.252
Uganda,Poverty headcount ratio at $3.00 a day (2021 PPP) (% of population),..,..,78.6,..,..,72.4,..,..,..,63.5,..,..,56.2,..,..,..,60.1,..,..,59.8,..,..,..,..
Uganda,Gini index,..,..,45.2,..,..,42.9,..,..,..,44.2,..,..,41,..,..,..,42.8,..,..,42.7,..,..,..,..
Uganda,"Unemployment, total (% of total labor force) (modeled ILO estimate)",3.529,3.52,3.5,3.6,2.705,1.9,2.272,2.677,3.052,3.6,3.619,3.528,3.551,1.91,2.348,2.679,3.008,3.428,3.25,3.06,3.831,3.422,2.886,2.787
Uganda,"Inflation, consumer prices (annual %)",..,..,..,..,..,..,..,..,..,..,..,16.56434962,12.67903772,4.905208757,3.07570669,5.589686063,5.706375046,5.209717059,2.61601191,2.867588034,3.313322895,2.204572048,7.19578886,5.350948043
Ethiopia,GDP per capita (current US$),122.2692026,118.4572043,109.5938136,116.8004911,133.1698125,158.2434581,189.3457375,237.146256,316.4104751,368.5747123,330.6194128,343.0249424,452.1010319,484.0398331,549.9865771,621.8456738,696.1960848,745.6324339,747.9680037,828.7090805,905.3131593,910.9478871,1011.073324,..
Ethiopia,GDP growth (annual %),6.07321748,8.301306321,1.514725706,-2.161359722,13.57260314,11.81876595,10.83472707,11.456167,10.78852169,8.802553198,12.55053835,11.17829623,8.647811633,10.58227005,10.25749296,10.39246302,9.433482658,9.564189658,6.816147786,8.364085733,6.059530891,5.641530693,5.321759884,6.594245994
Ethiopia,"School enrollment, secondary (% gross)",14.45131969,17.34301949,19.19392014,19.56677055,21.47705078,23.85487938,27.47756958,30.2513504,31.31093025,31.64901924,33.04785919,34.44689941,36.21934891,..,..,33.9114222,..,..,..,..,..,..,..,..
Ethiopia,"Life expectancy at birth, total (years)",50.88,51.428,52.085,52.877,53.735,54.364,55.402,56.566,57.733,58.715,59.709,60.595,61.443,62.161,62.927,63.592,64.162,64.766,65.257,65.741,65.969,65.33,66.897,67.315
Ethiopia,Poverty headcount ratio at $3.00 a day (2021 PPP) (% of population),..,..,..,..,41.3,..,..,..,..,..,37.4,..,..,..,..,33,..,..,..,..,..,38.6,..,..
Ethiopia,Gini index,..,..,..,..,29.8,..,..,..,..,..,33.2,..,..,..,..,35,..,..,..,..,..,31.1,..,..
Ethiopia,"Unemployment, total (% of total labor force) (modeled ILO estimate)",3.5,3.176,3.06,2.995,2.767,2.497,2.351,2.347,2.335,2.331,2.3,2.275,2.255,2.251,2.359,2.443,2.554,2.662,2.802,2.917,3.994,3.935,3.409,3.402
Ethiopia,"Inflation, consumer prices (annual %)",..,..,0.6750891022,13.6740452,3.327370479,9.969971235,12.29947631,17.24040083,44.35668588,8.483644045,8.14926403,33.24995988,23.60041768,7.464021929,6.890019516,9.56889956,6.628133372,10.68711503,13.83303566,15.80963217,20.35634686,26.83952216,33.88987971,30.21882781