Country Name,Country Code,Series Name,Series Code,2000 [YR2000],2001 [YR2001],2002 [YR2002],2003 [YR2003],2004 [YR2004],2005 [YR2005],2006 [YR2006],2007 [YR2007],2008 [YR2008],2009 [YR2009],2010 [YR2010],2011 [YR2011],2012 [YR2012],2013 [YR2013],2014 [YR2014],2015 [YR2015],2016 [YR2016],2017 [YR2017],2018 [YR2018],2019 [YR2019],2020 [YR2020],2021 [YR2021],2022 [YR2022],2023 [YR2023]
United States,USA,GDP per capita (current US$),NY.GDP.PCAP.CD,36329.9702595751,37133.6203973517,37997.7424300242,39490.3023903176,41724.6411982614,44123.3996470026,46301.9876485519,48050.227412195,48570.0594269601,47194.9500893872,48642.6312088213,50024.8812320773,51708.3940614082,53297.3862901595,55153.3940182967,56849.4697923159,57976.628204291,60047.7190728307,62875.6661382728,65227.9565911038,64401.5074354212,71307.4017277218,77860.9112908848,82304.6204272866
United States,USA,GDP growth (annual %),NY.GDP.MKTP.KD.ZG,4.07758576006954,0.95553834188668,1.7004473278454,2.79560596521233,3.84777169424153,3.48354993544559,2.78453963817891,2.00385829909158,0.113587248160997,-2.57650023225001,2.69519258234851,1.56440685537306,2.289113386319,2.11783009786468,2.52381981372621,2.94555045599772,1.81945147620522,2.45762230175086,2.96650506916596,2.58382533018889,-2.16302913866512,6.05505293304556,2.5123753198332,2.88755600905984
United States,USA,"School enrollment, secondary (% gross)",SE.SEC.ENRR,..,..,..,..,..,95.0524826049805,..,..,..,..,..,..,..,96.1864929199219,96.9245376586914,97.6525497436523,98.7699279785156,98.9523391723633,99.2755813598633,100.063430786133,100.509819030762,101.192489624023,97.4734878540039,..
United States,USA,"Life expectancy at birth, total (years)",SP.DYN.LE00.IN,76.6365853658537,76.8365853658537,76.9365853658537,77.0365853658537,77.4878048780488,77.4878048780488,77.6878048780488,77.9878048780488,78.0390243902439,78.390243902439,78.5414634146342,78.6414634146341,78.7414634146342,78.7414634146342,78.8414634146341,78.690243902439,78.5390243902439,78.5390243902439,78.6390243902439,78.7878048780488,76.9804878048781,76.3292682926829,77.4341463414634,78.3853658536585
United States,USA,Poverty headcount ratio at $3.00 a day (2021 PPP) (% of population),SI.POV.DDAY,0.7,1,1,1,1,1,1,1,1,1,1.2,1,1,1,1.2,1.2,1.2,1.2,1,1,0.5,0.5,1.2,1.2
United States,USA,Gini index,SI.POV.GINI,40.1,40.6,40.4,40.8,40.5,41.3,41.7,41.1,41.1,40.8,40.2,41.2,41.2,40.9,41.7,41.5,41.3,41.4,41.8,41.9,40,39.7,41.7,41.8
United States,USA,"Unemployment, total (% of total labor force) (modeled ILO estimate)",SL.UEM.TOTL.ZS,3.992,4.731,5.783,5.989,5.529,5.084,4.623,4.622,5.784,9.254,9.633,8.949,8.069,7.375,6.168,5.28,4.869,4.355,3.896,3.669,8.055,5.349,3.65,3.638
United States,USA,"Inflation, consumer prices (annual %)",FP.CPI.TOTL.ZG,3.37685727149929,2.82617111885407,1.58603162650601,2.27009497336115,2.67723669309172,3.3927468454955,3.22594410070404,2.85267248150138,3.839100296651,-0.355546266299747,1.6400434423899,3.156841568622,2.06933726526067,1.46483265562717,1.62222297740817,0.118627135552451,1.26158320570536,2.13011000365961,2.44258329692817,1.81221007526021,1.23358439630629,4.69785886363742,8.00279982052121,4.11633838374488
Germany,DEU,GDP per capita (current US$),NY.GDP.PCAP.CD,23925.8559901991,23878.3641471651,25486.5942008748,30711.1022511331,34566.7359143735,35084.4363546269,36980.3349948954,42350.9217211489,46386.3295924799,42487.2137101496,42409.9356994694,47646.582043143,44735.5882319701,47220.0102098851,48971.0824722599,41911.0109851054,42961.0356905775,45526.5999576533,48874.8595028454,47623.8656074829,47379.765194548,52265.6541620571,49686.1154582583,53940.4073447462
Germany,DEU,GDP growth (annual %),NY.GDP.MKTP.KD.ZG,2.87724595591061,1.63654099437316,-0.228310223930706,-0.529929010433477,1.16236825444811,0.885697256705441,3.85573614635729,2.89010717888073,0.910403214153277,-5.54516454479311,4.14676755040489,3.75796884487347,0.47429132103845,0.386224592046474,2.16949889758517,1.65271978656361,2.29471066413561,2.71602454639843,1.11644310902427,0.987893350164853,-4.09513751682526,3.6699998840452,1.36973104612758,-0.266438401180253
Germany,DEU,"School enrollment, secondary (% gross)",SE.SEC.ENRR,99.1294326782227,99.554801940918,100.853607177734,101.226783752441,101.377777099609,101.436492919922,102.486396789551,102.009773254395,103.240730285645,103.314292907715,104.891357421875,105.34651184082,104.442237854004,103.935333251953,103.303871154785,102.192413330078,100.852310180664,101.095642089844,100.837303161621,101.152557373047,101.307800292969,101.203536987305,100.81729888916,100.603057861328
Germany,DEU,"Life expectancy at birth, total (years)",SP.DYN.LE00.IN,77.9268292682927,78.3292682926829,78.2292682926829,78.3804878048781,78.6804878048781,78.9317073170732,79.1317073170732,79.5341463414634,79.7365853658537,79.8365853658537,79.9878048780488,80.4365853658537,80.5390243902439,80.490243902439,81.090243902439,80.6414634146341,80.990243902439,80.9926829268293,80.8926829268293,81.2926829268293,81.0414634146342,80.790243902439,80.6080487804878,80.5414634146342
Germany,DEU,Poverty headcount ratio at $3.00 a day (2021 PPP) (% of population),SI.POV.DDAY,0,0,0,0.2,0,0,0,0,0,0,0,0,0,0,0,0,0,0.2,0,0.2,0.2,..,..,..
Germany,DEU,Gini index,SI.POV.GINI,28.9,29.9,29.8,29.8,30.2,31.7,31,31.2,30.8,30.5,30.2,30.6,31.1,31.5,30.8,31.7,31.4,31.3,31.9,31.8,32.4,..,..,..
Germany,DEU,"Unemployment, total (% of total labor force) (modeled ILO estimate)",SL.UEM.TOTL.ZS,7.917,7.773,8.482,9.779,10.727,11.193,10.277,8.732,7.508,7.88,7.043,5.967,5.372,5.316,4.979,4.612,4.104,3.781,3.384,3.163,3.881,3.594,3.12,3.068
Germany,DEU,"Inflation, consumer prices (annual %)",FP.CPI.TOTL.ZG,1.4402683871974,1.98385731334472,1.42080615551526,1.03422218628562,1.66573696655992,1.54691114751329,1.57742642840562,2.29834400700951,2.6283798163722,0.312739007368444,1.1038103778926,2.07517283735874,2.00848884782953,1.50472330251882,0.906794000434214,0.514426137125455,0.491747008445213,1.50949485109622,1.73216879766948,1.44565976888253,0.144877925813963,3.0666666666667,6.87257438551096,5.94643667725828
Japan,JPN,GDP per capita (current US$),NY.GDP.PCAP.CD,39169.3595701504,34406.1824638092,32820.7936433254,35387.0374203599,38298.9801712303,37812.8950199948,35991.546002862,35779.0245416427,39876.3039685725,41308.9968370512,44968.1562349739,48760.0789494211,49145.2804308193,40898.6478964744,38475.3952461838,34960.6393843385,39375.4731620781,38834.0529341227,39751.1330982711,40415.9567649547,40028.7341726762,40094.5599795288,34065.6438962526,33836.1756271617
Japan,JPN,GDP growth (annual %),NY.GDP.MKTP.KD.ZG,2.76464755136783,0.386103426142029,0.0419624992862282,1.53512549946694,2.18611569439318,1.80390087215821,1.3723501275831,1.48396941157472,-1.22428900061713,-5.69323635892741,4.09791791943181,0.0238095237995424,1.37475099905274,2.00510017681211,0.296205514141889,1.56062669680782,0.753826745789127,1.67533175173359,0.643391023533141,-0.402169200894946,-4.16876457146743,2.69657404187188,0.941998775483285,1.47503481053384
Japan,JPN,"School enrollment, secondary (% gross)",SE.SEC.ENRR,..,..,..,..,..,..,..,..,..,..,..,..,..,101.781173706055,101.813980102539,102.200416564941,101.167999267578,101.882888793945,102.425148010254,102.670066833496,102.844802856445,102.155380249023,102.337966918945,102.344436645508
Japan,JPN,"Life expectancy at birth, total (years)",SP.DYN.LE00.IN,81.0760975609756,81.4163414634146,81.6907317073171,81.76,82.030243902439,81.9551219512195,82.3219512195122,82.5070731707317,82.5875609756098,82.9314634146342,82.8426829268293,82.5912195121951,83.0960975609756,83.3319512195122,83.5878048780488,83.7939024390244,83.9848780487805,84.099756097561,84.2109756097561,84.3563414634146,84.56,84.4456097560976,83.9963414634146,84.0412195121951
Japan,JPN,Poverty headcount ratio at $3.00 a day (2021 PPP) (% of population),SI.POV.DDAY,..,..,..,..,..,..,..,..,1,0.9,0.7,0.5,1.5,1,0.7,0.4,0.7,0.6,1,1.2,1.2,..,..,..
Japan,JPN,Gini index,SI.POV.GINI,..,..,..,..,..,..,..,..,34.6,33,31.5,33,32.5,31.5,31.3,30.7,31.8,31.8,32.9,33,32.3,..,..,..
Japan,JPN,"Unemployment, total (% of total labor force) (modeled ILO estimate)",SL.UEM.TOTL.ZS,4.748,5.02,5.386,5.251,4.734,4.446,4.192,3.888,4.002,5.068,5.102,4.55,4.358,4.038,3.589,3.385,3.132,2.822,2.467,2.351,2.809,2.828,2.6,2.6
Japan,JPN,"Inflation, consumer prices (annual %)",FP.CPI.TOTL.ZG,-0.67657868359508,-0.740055504162812,-0.923494026942286,-0.25654181631606,-0.00857338820306043,-0.282946068764429,0.249355116079105,0.0600394544986545,1.38007886164926,-1.35283672951723,-0.728243207517766,-0.272455616101245,-0.0440645104432608,0.335037912184772,2.75922671353253,0.795279630579784,-0.127258844489712,0.484199796126422,0.989094598021811,0.468776159383928,-0.024995834027682,-0.23335277939831,2.49770278172251,3.26813365933164
India,IND,GDP per capita (current US$),NY.GDP.PCAP.CD,442.750218937263,450.357900514128,469.149928973927,544.143133545002,624.258826510066,710.488080408949,801.668353659022,1021.88707706826,992.519584923828,1094.94974598436,1347.51939071367,1445.46127486037,1429.32199520032,1432.84397512195,1553.88396075118,1583.99815907985,1707.50892912243,1950.10468280866,1966.25455171679,2041.42863698585,1907.04251637669,2239.61384367482,2347.44829434623,2530.12031278204
India,IND,GDP growth (annual %),NY.GDP.MKTP.KD.ZG,3.84099115659129,4.82396626555771,3.80397532112175,7.8603814759073,7.92293661199932,7.92343062148318,8.06073257166651,7.6608150670107,3.08669805921981,7.86188883286074,8.49758470221235,5.24131619937695,5.45638755166587,6.38610640094825,7.41022760508854,7.99625378571471,8.25630550179086,6.79538341897911,6.45385134497769,3.87143694070356,-5.77772470686801,9.68959249192875,7.60936497768895,9.19075493028345
India,IND,"School enrollment, secondary (% gross)",SE.SEC.ENRR,47.1734390258789,46.8245811462402,48.8069381713867,51.4255714416504,53.247371673584,55.9314002990723,56.7859497070312,59.1478385925293,62.2119216918945,61.3603210449219,64.9475936889648,67.1251678466797,69.8089599609375,69.4771270751953,74.8887023925781,74.6113662719727,75.9372863769531,74.6743774414062,76.0025787353516,75.8716506958008,77.9766433254166,80.8355715539317,81.6558464317379,79.3250397483992
India,IND,"Life expectancy at birth, total (years)",SP.DYN.LE00.IN,62.749,63.158,63.649,64.086,64.484,64.939,65.373,65.803,66.247,66.7,67.162,67.623,68.076,68.499,68.932,69.326,69.709,70.068,70.415,70.746,70.156,67.282,71.698,72.003
India,IND,Poverty headcount ratio at $3.00 a day (2021 PPP) (% of population),SI.POV.DDAY,..,..,..,..,46.4,..,..,..,..,34.6,..,27.1,..,..,..,..,..,..,..,..,..,..,5.3,..
India,IND,Gini index,SI.POV.GINI,..,..,..,..,27.7,..,..,..,..,27.8,..,28.8,..,..,..,..,..,..,..,..,..,..,25.5,..
India,IND,"Unemployment, total (% of total labor force) (modeled ILO estimate)",SL.UEM.TOTL.ZS,7.624,7.653,7.753,7.68,7.625,7.552,7.552,7.561,7.656,7.664,7.652,7.616,7.666,7.711,7.674,7.631,7.601,7.618,7.652,6.51,7.859,6.38,4.822,4.172
India,IND,"Inflation, consumer prices (annual %)",FP.CPI.TOTL.ZG,4.00943591045191,3.77929312235638,4.29715203929563,3.8058589952885,3.76725173477515,4.24634362031923,5.79652337561633,6.37288135593232,8.34926704907581,10.8823529411764,11.9893899204244,8.9117933648337,9.47899691419798,10.0178784746103,6.66565671867896,4.9069734412726,4.94821634062135,3.328173374613,3.93882646691633,3.72950573539127,6.62343677628536,5.13140747176368,6.69903414079849,5.64914318907929
China,CHN,GDP per capita (current US$),NY.GDP.PCAP.CD,969.199513696287,1065.40597574519,1163.55957673426,1306.97245408557,1530.92726215723,1777.64496828464,2129.25696999613,2734.72709877693,3523.44302065213,3898.24459158811,4629.24551710077,5703.76027973346,6405.0574241349,7147.03518622344,7781.06597484974,8175.33285077393,8254.86859320357,8979.67652709856,10085.6638148819,10342.9009524335,10627.4637989619,12887.4357242941,12970.6056414327,12951.1782397043
China,CHN,GDP growth (annual %),NY.GDP.MKTP.KD.ZG,8.58643201808462,8.31263887091522,9.24339326638321,10.1181928640117,10.1314073631003,11.458238455067,12.6746751655235,14.1499854947127,9.67024588602851,9.40269972778044,10.5962719761682,9.4613358870736,7.85617427055587,7.77872409446717,7.46190028229434,6.97878002657477,6.77555562837017,6.8912663621211,6.75671800166833,6.06850235053705,2.34018843078414,8.57008513166322,3.1341888719577,5.41484330099675
China,CHN,"School enrollment, secondary (% gross)",SE.SEC.ENRR,59.4924812316895,62.2098388671875,62.8378982543945,64.0541305541992,..,..,74.0575637817383,78.1607131958008,82.6792526245117,88.2874984741211,90.7829173331445,92.0329425203903,92.2603063015232,..,..,..,..,..,..,..,..,..,..,..
China,CHN,"Life expectancy at birth, total (years)",SP.DYN.LE00.IN,72.288,72.675,73.034,73.385,73.727,74.085,74.404,74.789,74.833,75.317,75.668,75.889,76.2,76.452,76.714,76.975,77.214,77.235,77.709,77.94,78.019,78.117,78.202,77.953
China,CHN,Poverty headcount ratio at $3.00 a day (2021 PPP) (% of population),SI.POV.DDAY,..,..,48.1,..,..,33.1,..,..,26.2,..,20.6,15.7,13.2,6.2,4.7,3,2.2,1.7,0.8,0,0,0,0,..
China,CHN,Gini index,SI.POV.GINI,..,..,42,..,..,40.9,..,..,43,..,43.7,42.4,42.2,39.7,39.2,38.6,38.5,39.1,38.5,38.2,37.1,35.7,36,..
China,CHN,"Unemployment, total (% of total labor force) (modeled ILO estimate)",SL.UEM.TOTL.ZS,3.26,3.8,4.24,4.58,4.49,4.52,4.43,4.35,4.59,4.72,4.53,4.55,4.58,4.6,4.63,4.65,4.56,4.47,4.31,4.56,5,4.55,4.98,4.67
China,CHN,"Inflation, consumer prices (annual %)",FP.CPI.TOTL.ZG,0.347811226864583,0.719125609120118,-0.731970902350249,1.12760348729637,3.8246374310816,1.7764140766757,1.6494309945586,4.81676767378834,5.92525137041092,-0.728165250932903,3.17532475269199,5.55389892257491,2.61952432645539,2.62105001748119,1.92164162788522,1.43702380935656,2.00000182191942,1.59313600071433,2.07479039965575,2.89923416358229,2.41942189457778,0.981015135544894,1.97357555739052,0.23483682889306
Brazil,BRA,GDP per capita (current US$),NY.GDP.PCAP.CD,3766.54811466032,3176.28935747524,2855.94018885769,3090.6070097455,3663.823188064,4827.78173074714,5934.14470924968,7409.69130673473,8908.33176538648,8678.6592244676,11403.2821278747,13396.6243562986,12521.7213519966,12458.8912138813,12274.9939689363,8936.19661712113,8836.28652735657,10080.5092819305,9300.66164923219,9029.83326681073,7074.19378337644,7972.5366498646,9281.33334441234,10377.5892792557
Brazil,BRA,GDP growth (annual %),NY.GDP.MKTP.KD.ZG,4.38794944745618,1.38989640095637,3.05346185909312,1.14082899824888,5.75996463670954,3.20213206130431,3.96198871122617,6.06987060678338,5.09419544658736,-0.125812002161169,7.52822581815364,3.97442307944702,1.92117598576537,3.00482266944432,0.503955740242247,-3.54576339269425,-3.27591690782192,1.32286905404399,1.783666761634,1.22077782360842,-3.2767587964736,4.76260437908608,3.01669435393015,3.24165532906981
Brazil,BRA,"School enrollment, secondary (% gross)",SE.SEC.ENRR,..,..,..,..,..,..,..,..,..,..,..,..,94.3209762573242,103.917686462402,102.635528564453,100.920516967773,102.56950378418,103.015960693359,105.00707244873,103.953277587891,104.125999450684,106.651893615723,106.031188964844,..
Brazil,BRA,"Life expectancy at birth, total (years)",SP.DYN.LE00.IN,69.584,69.98,70.396,70.884,71.361,71.832,72.296,72.73,73.111,73.457,73.779,74.047,74.335,74.609,74.823,75.106,75.081,75.383,75.633,75.809,74.506,73.038,74.872,75.848
Brazil,BRA,Poverty headcount ratio at $3.00 a day (2021 PPP) (% of population),SI.POV.DDAY,..,17.5,16.2,17.1,15.3,13.7,11.4,10.8,9.1,8.4,..,7.1,6.4,5.4,4.7,5.4,6.5,6.9,6.9,7,2.8,7.5,4.9,3.8
Brazil,BRA,Gini index,SI.POV.GINI,..,58.4,58.1,57.6,56.5,56.3,55.6,54.9,54,53.7,..,52.9,53.4,52.7,52,51.9,53.4,53.3,53.9,53.5,48.9,52.9,52,51.6
Brazil,BRA,"Unemployment, total (% of total labor force) (modeled ILO estimate)",SL.UEM.TOTL.ZS,10.889,10.649,10.641,11.168,10.072,10.551,9.692,9.28,8.268,9.419,8.422,7.578,7.251,7.071,6.755,8.538,11.58,12.792,12.329,11.936,13.697,13.158,9.231,7.947
Brazil,BRA,"Inflation, consumer prices (annual %)",FP.CPI.TOTL.ZG,7.04414105947266,6.84035902487524,8.45016437708332,14.7149197228147,6.59718509985963,6.86953720898965,4.18356812896909,3.64127299102653,5.67859390284167,4.88803479876799,5.03872690108075,6.63644962213086,5.40349914037005,6.20431066640096,6.32904015516141,9.02990102416137,8.73914352329392,3.44637335032668,3.66485028376727,3.73297621216898,3.21176803803373,8.30165975585677,9.28010608956872,4.59356282283203
South Africa,ZAF,GDP per capita (current US$),NY.GDP.PCAP.CD,3217.84693448467,2847.15191945908,2688.23676032806,4062.21755993786,5221.46333731721,5836.87663325127,6077.38293388876,6591.85535960564,6184.75474328399,6374.70560042992,7973.47195771517,8646.05571071635,8076.97678479741,7331.65467384919,6856.73137092522,6112.27382485974,5651.20585165749,6618.33508255701,6914.1780318076,6533.71121032856,5580.60383075189,6843.39941886204,6523.41097815853,6022.54254192335
South Africa,ZAF,GDP growth (annual %),NY.GDP.MKTP.KD.ZG,4.20000000067826,2.70000000019104,3.70037440406668,2.94907546754213,4.55455990721774,5.27705197295467,5.60380645895889,5.36047405394162,3.1910438863288,-1.53808913525583,3.03973288127956,3.16855627858818,2.39623238465745,2.48546800826588,1.41382645223793,1.32186223678229,0.664552307858116,1.15794695181735,1.55678384721676,0.25993557687633,-6.1689177146757,4.95503259440756,1.91147996033504,0.698485193724835
South Africa,ZAF,"School enrollment, secondary (% gross)",SE.SEC.ENRR,74.3193817138672,73.9493103027344,74.4450225830078,75.5357818603516,78.2966613769531,80.4203414916992,83.7833480834961,85.5366287231445,84.0473480224609,85.9605407714844,86.5922045596808,88.9442291259766,92.1625137329102,..,101.163200378418,104.622812990742,103.855987548828,105.623168945312,101.399612936693,103.78912033531,103.501178102472,106.443303990911,104.535066506498,104.133480684239
South Africa,ZAF,"Life expectancy at birth, total (years)",SP.DYN.LE00.IN,58.368,57.161,55.58,54.245,53.963,53.914,54.22,54.948,55.982,57.413,58.886,60.602,61.737,62.388,63.184,64.053,64.749,65.422,65.726,66.071,65.15,62.01,65.454,66.139
South Africa,ZAF,Poverty headcount ratio at $3.00 a day (2021 PPP) (% of population),SI.POV.DDAY,47.9,..,..,..,..,42.1,..,..,30.3,..,29.5,..,..,..,31.2,..,..,..,..,..,..,..,..,..
South Africa,ZAF,Gini index,SI.POV.GINI,57.8,..,..,..,..,64.8,..,..,63,..,63.4,..,..,..,63,..,..,..,..,..,..,..,..,..
South Africa,ZAF,"Unemployment, total (% of total labor force) (modeled ILO estimate)",SL.UEM.TOTL.ZS,22.714,22.605,22.547,22.629,22.538,22.461,22.324,22.287,22.407,23.523,24.683,24.639,24.727,24.561,24.89,25.149,26.536,27.035,26.906,28.468,29.217,34.007,33.268,32.098
South Africa,ZAF,"Inflation, consumer prices (annual %)",FP.CPI.TOTL.ZG,5.33895913599827,5.70189483049609,9.494713780996,5.679424140688,-0.692039437857689,2.06285308223427,3.24390765419229,6.17781214809388,9.90998456005467,7.23809523809527,4.06749555950264,5.00085338795019,5.73797139141737,5.78016910069177,6.13282953059149,4.5186909489251,6.60290842394869,5.18618655524146,4.50987264867393,4.1028507546115,3.23238831615119,4.61874544887136,7.03987272546481,6.07524384579656
Nigeria,NGA,GDP per capita (current US$),NY.GDP.PCAP.CD,547.318298903379,566.428231812933,712.164852077686,763.388745367223,962.48104194733,1211.37703504386,1599.53891556365,1815.52697545827,2154.10543545364,1820.48633854782,2202.25672957344,2418.41316975875,2633.19734671361,2872.79083379398,3088.72131316169,2585.73360671797,2070.4127339595,1876.34027111773,2057.87944554011,2265.15520863056,2019.65706326224,2017.27486481527,2139.37478476974,1596.63696129001
Nigeria,NGA,GDP growth (annual %),NY.GDP.MKTP.KD.ZG,5.01593475931159,5.91768464920368,15.3291557409559,7.34719496799485,9.25055822917993,6.43851652538319,6.05942803202912,6.59113036068734,6.7644727778017,8.03692510099067,8.00565591628646,5.30792420289512,4.23006117493168,6.67133539306172,6.30971865525467,2.65269329543003,-1.61686894906529,0.80588661910221,1.92275734200651,2.20842927714881,-1.79425308274458,3.64718654072446,3.25168140827093,2.86021499108364
Nigeria,NGA,"School enrollment, secondary (% gross)",SE.SEC.ENRR,23.9613494873047,26.3999805450439,28.8738098144531,..,33.9481201171875,33.7729187011719,33.1262817382812,30.4232006072998,33.6112785339355,37.1381416320801,41.7837982177734,43.0239906311035,44.4557914733887,52.7967300415039,42.7821502685547,43.8246917724609,39.3068084716797,..,40.4885292053223,..,44.1220893859863,45.444938659668,..,46.8931503295898
Nigeria,NGA,"Life expectancy at birth, total (years)",SP.DYN.LE00.IN,47.143,47.549,48.02,48.618,49.148,49.538,49.876,50.381,50.748,51.08,51.315,51.49,51.688,51.827,51.94,51.939,52.189,52.397,52.669,53.009,53.072,53.455,54.079,54.462
Nigeria,NGA,Poverty headcount ratio at $3.00 a day (2021 PPP) (% of population),SI.POV.DDAY,..,..,..,51.1,..,..,..,..,..,..,38.5,..,37.4,..,..,35.8,..,..,34.2,..,..,..,41.8,..
Nigeria,NGA,Gini index,SI.POV.GINI,..,..,..,40.1,..,..,..,..,..,..,35.7,..,35.5,..,..,35.9,..,..,35.1,..,..,..,33.9,..
Nigeria,NGA,"Unemployment, total (% of total labor force) (modeled ILO estimate)",SL.UEM.TOTL.ZS,3.963,3.91,3.681,3.648,3.601,3.734,3.756,3.799,3.795,3.766,3.746,3.77,3.76,3.711,3.902,4.135,4.499,4.828,5.067,5.206,5.742,5.45,3.821,3.074
Nigeria,NGA,"Inflation, consumer prices (annual %)",FP.CPI.TOTL.ZG,..,..,..,..,..,..,8.22522152017049,5.38800796858628,11.5810751748252,12.5378277304689,13.7400521363694,10.8261371880017,12.2242413020584,8.49551838265672,8.04741087967908,9.00943498007703,15.6968126387972,16.5022662139641,12.0951065173432,11.3964223378115,13.2460234276598,16.9528457221608,18.8471877843274,24.6595502031139
Viet Nam,VNM,GDP per capita (current US$),NY.GDP.PCAP.CD,404.029784055118,419.205677580901,445.132861817313,497.117089249256,565.452284586212,710.746759994861,807.756645117054,925.640338348717,1163.83195772873,1226.16976051536,1683.16182443979,1950.92504174913,2185.11767654291,2359.51736472828,2546.38464459903,2577.56885340113,2735.0604380416,2956.10992127753,3222.31003125366,3440.90025375434,3534.03953482647,3704.1935590038,4147.69777213621,4323.35031982451
Viet Nam,VNM,GDP growth (annual %),NY.GDP.MKTP.KD.ZG,6.78731640463151,6.19289331233377,6.32082099160833,6.89906349055258,7.53641060890386,7.54724772895918,6.97795481056711,7.12950448605439,5.66177120891362,5.39789754014181,6.42324482239482,6.41316889681683,5.5045447041189,5.55351081026072,6.42224312118567,6.98715430598611,6.69000892660424,6.94019037359206,7.46500685572751,7.35926270105006,2.86541320912272,2.55372852648131,8.53750046755788,5.06502391455075
Viet Nam,VNM,"School enrollment, secondary (% gross)",SE.SEC.ENRR,..,..,..,..,..,..,..,..,..,..,..,..,..,..,..,89.4548341262217,90.1583347107672,91.0725198149335,92.8377710790826,94.654621676317,93.1921389514105,92.7690209240401,93.4123434096522,..
Viet Nam,VNM,"Life expectancy at birth, total (years)",SP.DYN.LE00.IN,72.746,72.984,73.138,73.236,73.062,73.198,73.293,73.385,73.455,73.525,73.611,73.713,73.762,73.821,73.886,73.955,73.984,74.026,74.1,74.211,75.383,74.145,74.502,74.588
Viet Nam,VNM,Poverty headcount ratio at $3.00 a day (2021 PPP) (% of population),SI.POV.DDAY,..,..,43.3,..,30.9,..,23.7,..,17.6,..,5.2,..,3.7,..,3.4,..,2.5,..,2.2,..,1.3,..,1.6,..
Viet Nam,VNM,Gini index,SI.POV.GINI,..,..,37,..,36.8,..,35.8,..,35.6,..,39.3,..,35.6,..,34.8,..,35.3,..,35.7,..,36.8,..,36.1,..
Viet Nam,VNM,"Unemployment, total (% of total labor force) (modeled ILO estimate)",SL.UEM.TOTL.ZS,2.26,2.76,2.12,2.25,2.14,2.078,2.046,2.026,1.889,1.737,1.114,0.999,1.027,1.316,1.256,1.848,1.848,1.874,1.161,1.681,2.103,2.385,1.523,1.645
Viet Nam,VNM,"Inflation, consumer prices (annual %)",FP.CPI.TOTL.ZG,..,..,..,3.23464817293926,7.75494748709601,8.28457243128677,7.41801715108463,8.34444889773837,23.1154483474477,6.71698269988629,9.20746648778415,18.6777322770707,9.09470339557193,6.59267475899189,4.08455446637623,0.63120090517572,2.66824816969081,3.52025688811621,3.53962805942638,2.79582367452249,3.22093436652516,1.83471554810446,3.15650749963127,3.25289282667661
Uganda,UGA,GDP per capita (current US$),NY.GDP.PCAP.CD,258.050338731086,236.021188853993,241.984688408335,250.71543664681,292.38185796262,330.405402707025,346.518255310647,401.389130865581,472.842681495852,798.947089938247,823.488144282,835.620060555838,795.222867553127,818.285427416713,896.054795546394,862.934610355811,752.696571725656,765.218332297361,792.16570022814,822.171150141651,845.76646385001,882.791717442001,963.067314233497,1002.30913908852
Uganda,UGA,GDP growth (annual %),NY.GDP.MKTP.KD.ZG,3.141907338187,5.18366112490236,8.73268576440127,6.47325867166543,6.80723334361883,6.33256511623156,10.7847443857453,8.41242596551071,8.70875190154499,6.80151734860395,5.63761163749757,9.3916554927176,3.83745560605229,3.58690582623025,5.10630732539796,5.18785986002466,4.78100029254482,3.13140551723596,6.30392378262997,6.43874503276439,2.95130642218098,3.53658034070898,4.58802192181773,5.33697295511469
Uganda,UGA,"School enrollment, secondary (% gross)",SE.SEC.ENRR,..,..,..,..,19.1225490570068,..,..,24.0911102294922,..,..,..,..,..,..,..,..,..,..,..,..,..,..,..,..
Uganda,UGA,"Life expectancy at birth, total (years)",SP.DYN.LE00.IN,49.64,50.576,51.443,52.414,53.699,54.926,56.118,57.248,58.253,59.157,59.959,60.791,61.579,62.353,63.057,63.831,64.494,65.174,65.775,66.354,66.41,66.45,67.675,68.252
Uganda,UGA,Poverty headcount ratio at $3.00 a day (2021 PPP) (% of population),SI.POV.DDAY,..,..,78.6,..,..,72.4,..,..,..,63.5,..,..,56.2,..,..,..,60.1,..,..,59.8,..,..,..,..
Uganda,UGA,Gini index,SI.POV.GINI,..,..,45.2,..,..,42.9,..,..,..,44.2,..,..,41,..,..,..,42.8,..,..,42.7,..,..,..,..
Uganda,UGA,"Unemployment, total (% of total labor force) (modeled ILO estimate)",SL.UEM.TOTL.ZS,3.529,3.52,3.5,3.6,2.705,1.9,2.272,2.677,3.052,3.6,3.619,3.528,3.551,1.91,2.348,2.679,3.008,3.428,3.25,3.06,3.831,3.422,2.886,2.787
Uganda,UGA,"Inflation, consumer prices (annual %)",FP.CPI.TOTL.ZG,..,..,..,..,..,..,..,..,..,..,..,16.5643496174515,12.6790377224659,4.90520875694553,3.07570668958643,5.58968606251723,5.70637504616216,5.20971705914208,2.61601190952271,2.86758803446903,3.31332289544504,2.20457204757409,7.19578885975811,5.35094804280395
Ethiopia,ETH,GDP per capita (current US$),NY.GDP.PCAP.CD,122.269202606069,118.457204255261,109.593813612988,116.800491132777,133.169812538096,158.243458082465,189.345737521418,237.146255996319,316.410475118075,368.574712267445,330.619412798644,343.024942351887,452.101031885754,484.039833104062,549.986577082588,621.845673808133,696.196084806324,745.632433925343,747.968003672674,828.709080522921,905.313159254148,910.947887074508,1011.07332413462,..
Ethiopia,ETH,GDP growth (annual %),NY.GDP.MKTP.KD.ZG,6.07321747957951,8.30130632052327,1.51472570631104,-2.16135972205798,13.5726031368694,11.8187659466494,10.8347270658771,11.4561670000235,10.7885216853725,8.80255319782573,12.5505383459307,11.1782962271642,8.64781163337369,10.5822700482676,10.2574929610054,10.3924630202332,9.43348265784411,9.56418965754014,6.81614778557282,8.36408573314054,6.05953089054807,5.64153069257077,5.32175988403378,6.59424599357075
Ethiopia,ETH,"School enrollment, secondary (% gross)",SE.SEC.ENRR,14.451319694519,17.3430194854736,19.1939201354981,19.5667705535889,21.47705078125,23.8548793792725,27.4775695800781,30.251350402832,31.3109302520752,31.649019241333,33.0478591918945,34.4468994140625,36.2193489074707,..,..,33.9114221981431,..,..,..,..,..,..,..,..
Ethiopia,ETH,"Life expectancy at birth, total (years)",SP.DYN.LE00.IN,50.88,51.428,52.085,52.877,53.735,54.364,55.402,56.566,57.733,58.715,59.709,60.595,61.443,62.161,62.927,63.592,64.162,64.766,65.257,65.741,65.969,65.33,66.897,67.315
Ethiopia,ETH,Poverty headcount ratio at $3.00 a day (2021 PPP) (% of population),SI.POV.DDAY,..,..,..,..,41.3,..,..,..,..,..,37.4,..,..,..,..,33,..,..,..,..,..,38.6,..,..
Ethiopia,ETH,Gini index,SI.POV.GINI,..,..,..,..,29.8,..,..,..,..,..,33.2,..,..,..,..,35,..,..,..,..,..,31.1,..,..
Ethiopia,ETH,"Unemployment, total (% of total labor force) (modeled ILO estimate)",SL.UEM.TOTL.ZS,3.5,3.176,3.06,2.995,2.767,2.497,2.351,2.347,2.335,2.331,2.3,2.275,2.255,2.251,2.359,2.443,2.554,2.662,2.802,2.917,3.994,3.935,3.409,3.402
Ethiopia,ETH,"Inflation, consumer prices (annual %)",FP.CPI.TOTL.ZG,..,..,0.675089102170791,13.6740452028272,3.32737047894846,9.96997123512892,12.2994763114825,17.2404008340898,44.3566858766952,8.48364404530282,8.14926402965083,33.2499598823345,23.600417677317,7.46402192944522,6.89001951597188,9.56889955968623,6.62813337230927,10.6871150284238,13.8330356586661,15.8096321719344,20.3563468559061,26.8395221557722,33.8898797100898,30.2188278135278
,,,,,,,,,,,,,,,,,,,,,,,,,,,
,,,,,,,,,,,,,,,,,,,,,,,,,,,
,,,,,,,,,,,,,,,,,,,,,,,,,,,
Data from database: World Development Indicators,,,,,,,,,,,,,,,,,,,,,,,,,,,
Last Updated: 10/07/2025,,,,,,,,,,,,,,,,,,,,,,,,,,,
